num,epoch,resx,resy,resz,x,y,z
0,63.982986,-0.159000,0.420000,0.157000,-0.064405,-0.114633,-0.873005
