num,epoch,resx,resy,resz,x,y,z
0,63.982986,-0.159000,0.420000,0.157000,-0.064405,-0.114633,-0.873005
1,63.983044,0.177374,0.253700,0.498218,-0.024334,-0.027566,-0.333474
2,63.983102,-0.069183,-0.090975,-0.143956,-6.935702,-0.614344,5.542532
